strategy,request_count,mean_ttft_ms,mean_e2e_ms,p95_e2e_ms,p99_e2e_ms,mean_tpot_ms,mean_throughput_tps,cache_hit_ratio,prefix_hit_ratio,mean_bandwidth_bytes,mean_vram_peak_gb,privacy_exposure_rate,mean_quality,strategy_label
full,4000.0,319.78907443160614,744.0360483015136,4027.383078077392,5194.405223498479,3.0818063942847482,2016.2135133800923,0.743,0.24675,1396.55325,0.3445126152038575,0.0,0.91251345775,Full
wo_kv_cache,4000.0,637.9355789367697,1062.7842921718163,6370.740755126206,7694.908578902105,3.0913743744539985,2014.6310254087207,0.743,0.0,1391.6235,0.3513897266387941,0.0,0.9026393252499999,w/o KV Cache
wo_privacy_gate,4000.0,315.5773362693673,703.8127031866361,4023.2600277792963,5222.721163166703,2.753172143557929,2019.080092453817,0.743,0.246,1465.89275,0.14588703918457033,0.6432926829268293,0.9185686940000001,w/o Privacy Gate
wo_scheduler,4000.0,492.4977070428138,1068.8650253645794,6518.406670861784,8039.033426240196,3.938644097682896,2008.6706254985365,0.743,0.247,464.525,0.8716154212951662,0.0,0.877079984,w/o Scheduler
wo_semantic_cache,4000.0,544.6440280907817,1854.975031146043,4044.1101462854954,5162.035610232609,10.224015453639081,103.9625,0.0,0.9895,2452.799,1.0567189178466798,0.0,0.9116546915,w/o Semantic Cache
