strategy,strategy_label,request_count,request_count_ci95,request_count_seed_n,mean_ttft_ms,mean_ttft_ms_ci95,mean_ttft_ms_seed_n,mean_e2e_ms,mean_e2e_ms_ci95,mean_e2e_ms_seed_n,p95_e2e_ms,p95_e2e_ms_ci95,p95_e2e_ms_seed_n,p99_e2e_ms,p99_e2e_ms_ci95,p99_e2e_ms_seed_n,mean_tpot_ms,mean_tpot_ms_ci95,mean_tpot_ms_seed_n,mean_throughput_tps,mean_throughput_tps_ci95,mean_throughput_tps_seed_n,cache_hit_ratio,cache_hit_ratio_ci95,cache_hit_ratio_seed_n,prefix_hit_ratio,prefix_hit_ratio_ci95,prefix_hit_ratio_seed_n,mean_bandwidth_bytes,mean_bandwidth_bytes_ci95,mean_bandwidth_bytes_seed_n,mean_vram_peak_gb,mean_vram_peak_gb_ci95,mean_vram_peak_gb_seed_n,privacy_exposure_rate,privacy_exposure_rate_ci95,privacy_exposure_rate_seed_n,mean_quality,mean_quality_ci95,mean_quality_seed_n
cloud_only,Cloud-only,400.0,0.0,5,917.7408137838596,109.81635124564141,5,2061.008143449755,115.34016858335418,5,4604.783120007407,127.4706380409996,5,4989.144939512245,182.63472642118583,5,8.47457627118644,2.2056383354463166e-15,5,118.0,0.0,5,0.0,0.0,5,0.0,0.0,5,2399.936,232.8051456763782,5,0.0,0.0,5,1.0,0.0,5,0.9316968999999998,0.0014715131914366762,5
edge_only,Edge-only,400.0,0.0,5,4544.4228216704705,2488.649788906954,5,6455.31602657953,2483.9931168182898,5,10836.042211592448,3082.6235780759002,5,12736.63315144608,2655.835002578125,5,14.705882352941178,3.8202776601146675e-15,5,68.0,0.0,5,0.0,0.0,5,0.0,0.0,5,671.086,65.17697498334887,5,3.788131286621094,0.004107118403701665,5,0.0,0.0,5,0.8262776500000001,0.0028021462409296796,5
ours,Ours,400.0,0.0,5,422.13585160440135,48.37631981544368,5,1257.8111715121097,65.12286826366021,5,3358.4878142442985,97.89582694649188,5,4554.586337720881,296.82529880816315,5,6.298213878314425,0.3254939473691072,5,1168.0403889476413,63.67085510630988,5,0.414,0.0225559466629904,5,0.487,0.02535169577807349,5,1507.1364999999998,247.04566315394493,5,0.6933104095458985,0.17006524110129873,5,0.0,0.0,5,0.9077226885,0.00826297625436248,5
static_threshold,Static-threshold,400.0,0.0,5,2805.0130500166374,1306.782931470596,5,4429.963143712457,1309.5259697636652,5,9969.028042388689,2899.661747829265,5,12026.171730944761,2737.369351218168,5,12.315446517590086,0.11793959604219989,5,87.322,0.9223649842123877,5,0.0,0.0,5,0.0,0.0,5,1164.7559999999999,70.52048459947784,5,2.316368277587891,0.0726896564925721,5,0.0,0.0,5,0.8658436989999998,0.004264715066581994,5
