model_label,model_scale_b,mean_ttft_ms,mean_e2e_ms,p95_e2e_ms,mean_bandwidth_bytes,mean_vram_peak_gb,privacy_exposure_rate,mean_quality,cache_hit_ratio,cloud_route_ratio,edge_route_ratio,cache_route_ratio
Qwen2.5-0.5B,0.5,142.3189307636011,221.36975209671573,311.56033444585586,498.44791666666663,2.2821133931477866,0.0,0.6650520833333333,0.125,0.125,0.75,0.125
Llama-3.2-1B,1.0,204.62314676379435,307.88181938611694,374.4638020638358,501.2291666666667,2.6177660624186196,0.0,0.6578229166666667,0.125,0.125,0.75,0.125
TinyLlama-1.1B,1.1,171.50495951386517,261.52371093164396,312.74928936762063,426.9791666666667,2.3922208150227866,0.0,0.63384375,0.125,0.125,0.75,0.125
Gemma-2-2B,2.0,408.35513576380146,590.9421876584344,757.7004387439772,523.7083333333334,3.545093536376953,0.0,0.7151979166666667,0.125,0.125,0.75,0.125
Qwen2.5-3B,3.0,405.3954985139597,586.8854340666427,787.8574855679685,533.3125,3.427906036376953,0.0,0.66578125,0.125,0.125,0.75,0.125
