seed,network,network_label,strategy,request_count,mean_ttft_ms,mean_e2e_ms,p95_e2e_ms,p99_e2e_ms,mean_tpot_ms,mean_throughput_tps,cache_hit_ratio,prefix_hit_ratio,mean_bandwidth_bytes,mean_vram_peak_gb,privacy_exposure_rate,mean_quality,strategy_label,selection_rule
20260612,congested,Congested,ours,100.0,424.73849698086303,1196.739731480521,3330.313202420937,4479.074353136882,5.473353942684343,1170.86099600502,0.42,0.49,1670.82,0.22628440856933596,0.0,0.9339633799999999,Ours,Select the Ours seed with the highest mean_quality; break ties with lower mean_e2e_ms.
20260612,mobile_4g5g,4G/5G,ours,100.0,403.76072201509646,1158.503714364819,3227.586886107534,4276.182889120032,5.473436094156187,1169.988933762081,0.42,0.49,1670.82,0.22628440856933596,0.0,0.9339633799999999,Ours,Select the Ours seed with the highest mean_quality; break ties with lower mean_e2e_ms.
20260612,weak,Weak,ours,100.0,475.7335888108272,1454.229289493569,3517.9860953894995,4567.800095850344,7.279421710832558,1163.7186789490013,0.42,0.47,1353.39,1.3183116149902347,0.0,0.86964258,Ours,Select the Ours seed with the highest mean_quality; break ties with lower mean_e2e_ms.
20260612,wifi_good,WiFi Good,ours,100.0,389.57916772769806,1128.612859368438,3142.8703353740175,4356.5186249147055,5.472970354371817,1170.8927227914667,0.42,0.49,1670.82,0.22628440856933596,0.0,0.9339633799999999,Ours,Select the Ours seed with the highest mean_quality; break ties with lower mean_e2e_ms.
